epoch,time,train/loss,metrics/accuracy_top1,metrics/accuracy_top5,val/loss,lr/pg0,lr/pg1,lr/pg2
1,11.7952,1.14198,0.41176,1,1.11133,4.287e-05,4.287e-05,4.287e-05
2,13.3786,1.09908,0.47059,1,1.07422,5.05151e-05,5.05151e-05,5.05151e-05
